{
    "debug":true,
    "video_input":
    {
        "type":"file",
        "path":"/home/victor/enguerrand_data/sample_videos/VID_20190615_180529.mp4"
    },
    "balls_histogram":"/home/victor/enguerrand_data/balls_histograms/balls_histogram.bin",
    "slam":
    {
        "type":"ekf"
    },
    "camera_calibration":
    {
        "image_width":1920,
        "image_height":1080,
        "fx":1.80993344e+03,
        "fy":1.80745383e+03,
        "cx":9.20081895e+02,
        "cy":5.39890210e+02,
        "k1":0.05806194,
        "k2":0.07819791,
        "p1":0.0009545,
        "p2":-0.00109695,
        "k3":-0.61395187
    }
}

